Continent,Country/Region
Africa,Algeria
Africa,Angola
Africa,Benin
Africa,Botswana
Africa,Burkina
Africa,Burkina Faso
Africa,Burundi
Africa,Cameroon
Africa,Cape Verde
Africa,Central African Republic
Africa,Chad
Africa,Comoros
Africa,Democratic Republic of the Congo
Africa,Republic of the Congo
Africa,Djibouti
Africa,Egypt
Africa,Equatorial Guinea
Africa,Eritrea
Africa,Eswatini
Africa,Ethiopia
Africa,Gabon
Africa,Gambia
Africa,Ghana
Africa,Guinea
Africa,Guinea-Bissau
Africa,Ivory Coast
Africa,Kenya
Africa,Lesotho
Africa,Liberia
Africa,Libya
Africa,Madagascar
Africa,Malawi
Africa,Mali
Africa,Mauritania
Africa,Mauritius
Africa,Mayotte
Africa,Morocco
Africa,Mozambique
Africa,Namibia
Africa,Niger
Africa,Nigeria
Africa,Reunion
Africa,Rwanda
Africa,Sao Tome and Principe
Africa,Senegal
Africa,Seychelles
Africa,Sierra Leone
Africa,Ascension and Tristan da Cunha
Africa,Somalia
Africa,South Africa
Africa,South Sudan
Africa,Sudan
Africa,Swaziland
Africa,Tanzania
Africa,Togo
Africa,Tunisia
Africa,Uganda
Africa,Zambia
Africa,Zimbabwe
Asia,Afghanistan
Asia,Bahrain
Asia,Bangladesh
Asia,Bhutan
Asia,Brunei
Asia,Burma
Asia,Cambodia
Asia,China
Asia,Mainland China
Asia,East Timor
Asia,India
Asia,Indonesia
Asia,Iran
Asia,Iraq
Asia,Israel
Asia,Japan
Asia,Jordan
Asia,Kazakhstan
Asia,North Korea
Asia,South Korea
Asia,Kuwait
Asia,Kyrgyzstan
Asia,Laos
Asia,Lebanon
Asia,Macau
Asia,Malaysia
Asia,Maldives
Asia,Mongolia
Asia,Nepal
Asia,occupied Palestinian territory
Asia,Palestine
Asia,West Bank and Gaza
Asia,Oman
Asia,Pakistan
Asia,Philippines
Asia,Qatar
Asia,Russia
Asia,Saudi Arabia
Asia,Singapore
Asia,Sri Lanka
Asia,Syria
Asia,Tajikistan
Asia,Thailand
Asia,Turkey
Asia,Turkmenistan
Asia,United Arab Emirates
Asia,Uzbekistan
Asia,Vietnam
Asia,Yemen
Asia,Timor-Leste
Asia,Hong Kong
Asia,Taiwan
Asia,South Korea
Europe,Albania
Europe,Andorra
Europe,Armenia
Europe,Austria
Europe,Azerbaijan
Europe,Belarus
Europe,Belgium
Europe,Bosnia and Herzegovina
Europe,Bulgaria
Europe,Channel Islands
Europe,Croatia
Europe,Cyprus
Europe,CZ
Europe,Czech Republic
Europe,Denmark
Europe,Estonia
Europe,Faroe Islands
Europe,Finland
Europe,France
Europe,Georgia
Europe,Germany
Europe,Gibraltar
Europe,Greece
Europe,Guernsey
Europe,Hungary
Europe,Iceland
Europe,Ireland
Europe,Republic of Ireland
Europe,Jersey
Europe,Kosovo
Europe,North Ireland
Europe,Italy
Europe,Latvia
Europe,Liechtenstein
Europe,Lithuania
Europe,Luxembourg
Europe,Macedonia
Europe,North Macedonia
Europe,Malta
Europe,Moldova
Europe,Monaco
Europe,Montenegro
Europe,MS Zaandam
Europe,Netherlands
Europe,Norway
Europe,Poland
Europe,Portugal
Europe,Romania
Europe,San Marino
Europe,Serbia
Europe,Slovakia
Europe,Slovenia
Europe,Spain
Europe,Sweden
Europe,Switzerland
Europe,UK
Europe,Ukraine
Europe,United Kingdom
Europe,Vatican City
North America,Antigua and Barbuda
North America,Bahamas
North America,Barbados
North America,Belize
North America,Canada
North America,Cayman Islands
North America,Costa Rica
North America,Cuba
North America,Diamond Princess
North America,Dominica
North America,Dominican Republic
North America,El Salvador
North America,Grenada
North America,Guadeloupe
North America,Greenland
North America,Guatemala
North America,Haiti
North America,Honduras
North America,Jamaica
North America,Martinique
North America,Mexico
North America,Nicaragua
North America,Panama
North America,Puerto Rico
North America,Saint Barthelemy
North America,Saint Kitts and Nevis
North America,Saint Lucia
North America,St. Martin
North America,Saint Vincent and the Grenadines
North America,Trinidad and Tobago
North America,US
Oceania,Australia
Oceania,Fiji
Oceania,Guam
Oceania,Kiribati
Oceania,Marshall Islands
Oceania,Micronesia
Oceania,Nauru
Oceania,New Zealand
Oceania,Palau
Oceania,Papua New Guinea
Oceania,Samoa
Oceania,Solomon Islands
Oceania,Tonga
Oceania,Tuvalu
Oceania,Vanuatu
South America,Argentina
South America,Bolivia
South America,Brazil
South America,Aruba
South America,Chile
South America,Colombia
South America,Ecuador
South America,French Guiana
South America,Guyana
South America,Paraguay
South America,Peru
South America,Suriname
South America,Uruguay
South America,Venezuela
South America,Curacao
South America,Sint Eustatius and Saba